                  epoch,         train/box_loss,         train/cls_loss,         train/dfl_loss,   metrics/precision(B),      metrics/recall(B),       metrics/mAP50(B),    metrics/mAP50-95(B),           val/box_loss,           val/cls_loss,           val/dfl_loss,                 lr/pg0,                 lr/pg1,                 lr/pg2
                      0,                 1.1895,                 2.4093,                0.90524,                0.86388,                0.85002,                0.91125,                0.61988,                0.99875,                 1.2346,                0.87026,             0.00055244,             0.00055244,             0.00055244
                      1,                 1.0646,                 1.4166,                0.88033,                0.92481,                0.89282,                0.94313,                0.66437,                0.93969,                 1.0705,                0.86549,              0.0010862,              0.0010862,              0.0010862
                      2,                 1.0284,                 1.2395,                0.88125,                0.88795,                0.87428,                0.91514,                0.66846,                 0.9144,                0.96527,                0.85322,              0.0015979,              0.0015979,              0.0015979
                      3,                 1.0414,                 1.0902,                0.88199,                0.93857,                0.88091,                0.94705,                0.67312,                0.90339,                0.77757,                0.85364,               0.001568,               0.001568,               0.001568
                      4,                0.97206,                0.95735,                0.86831,                0.88279,                0.83309,                0.91313,                0.67949,                 0.8547,                0.71575,                 0.8453,               0.001568,               0.001568,               0.001568
                      5,                0.95097,                0.87191,                0.86968,                0.94467,                 0.9016,                0.95079,                0.71552,                0.81443,                0.63467,                0.83368,               0.001535,               0.001535,               0.001535
                      6,                0.93141,                0.79947,                0.85849,                0.93945,                0.88257,                0.95344,                0.71723,                0.79879,                0.62764,                0.83232,               0.001502,               0.001502,               0.001502
                      7,                0.91021,                 0.7387,                0.85186,                0.94215,                0.90784,                0.95649,                0.73361,                0.77957,                0.56303,                0.83075,               0.001469,               0.001469,               0.001469
                      8,                0.92838,                0.69947,                0.85359,                0.95258,                0.89368,                0.95221,                  0.726,                0.79174,                0.54508,                0.82893,               0.001436,               0.001436,               0.001436
                      9,                0.85446,                 0.6415,                0.84313,                0.93595,                  0.896,                0.95879,                0.72258,                0.78819,                 0.5311,                0.82694,              0.0014029,              0.0014029,              0.0014029
                     10,                0.85261,                0.61018,                0.83704,                0.96839,                0.90901,                 0.9627,                0.74181,                0.76459,                0.50922,                 0.8227,              0.0013699,              0.0013699,              0.0013699
                     11,                0.85641,                0.61141,                0.84292,                0.96887,                0.90201,                0.96281,                0.76112,                0.72203,                0.48434,                 0.8169,              0.0013369,              0.0013369,              0.0013369
                     12,                0.82577,                0.58084,                0.84208,                 0.9704,                0.90464,                0.96609,                0.73839,                0.72179,                0.50213,                0.82179,              0.0013039,              0.0013039,              0.0013039
                     13,                0.82767,                 0.5715,                0.84137,                0.97128,                0.88621,                0.95922,                0.75544,                0.72633,                0.49507,                0.81838,              0.0012709,              0.0012709,              0.0012709
                     14,                0.84331,                0.56176,                0.84176,                 0.9601,                0.91924,                0.96624,                0.74626,                0.73265,                0.48229,                0.82076,              0.0012379,              0.0012379,              0.0012379
                     15,                0.84293,                0.56754,                0.84045,                0.95959,                 0.9099,                 0.9654,                0.76337,                0.70251,                0.47511,                 0.8154,              0.0012049,              0.0012049,              0.0012049
                     16,                0.81317,                0.56167,                0.82426,                0.95612,                0.91586,                0.96431,                0.75957,                0.71855,                0.47702,                0.81843,              0.0011719,              0.0011719,              0.0011719
                     17,                0.78804,                0.53462,                0.83288,                0.96491,                0.92987,                0.97076,                0.77569,                0.68578,                0.45127,                0.81269,              0.0011389,              0.0011389,              0.0011389
                     18,                0.76373,                0.52032,                0.82858,                0.97128,                0.91736,                0.96917,                0.76812,                 0.6865,                0.44539,                0.81124,              0.0011059,              0.0011059,              0.0011059
                     19,                0.80917,                0.53771,                0.83314,                0.96716,                0.93485,                0.97031,                0.77862,                0.68021,                 0.4477,                0.81045,              0.0010729,              0.0010729,              0.0010729
                     20,                0.76721,                0.50308,                0.82344,                0.96316,                 0.9301,                 0.9682,                0.76682,                0.68543,                0.44311,                0.81251,              0.0010399,              0.0010399,              0.0010399
                     21,                0.74182,                0.48339,                0.82393,                0.95574,                0.92475,                 0.9668,                0.77135,                0.67527,                0.42595,                0.81026,              0.0010069,              0.0010069,              0.0010069
                     22,                0.76008,                0.51159,                 0.8304,                0.96691,                0.93706,                0.97287,                0.78966,                0.67324,                0.43917,                 0.8088,             0.00097386,             0.00097386,             0.00097386
                     23,                0.78425,                0.50937,                0.82954,                0.96601,                0.92435,                0.96801,                0.78189,                0.66479,                0.42558,                0.81044,             0.00094085,             0.00094085,             0.00094085
                     24,                0.75648,                 0.4829,                0.82624,                0.97646,                0.92895,                0.97241,                0.77812,                0.65314,                0.42383,                0.80706,             0.00090785,             0.00090785,             0.00090785
                     25,                0.73865,                0.47997,                0.82158,                0.97686,                0.91775,                0.96928,                0.76606,                0.65967,                0.42473,                0.80754,             0.00087484,             0.00087484,             0.00087484
                     26,                0.73173,                0.45449,                0.82197,                 0.9597,                0.94008,                0.97367,                0.78893,                0.65634,                0.41594,                0.80841,             0.00084184,             0.00084184,             0.00084184
                     27,                0.74951,                0.47864,                0.82503,                0.97415,                0.93856,                0.97387,                0.78762,                0.65527,                0.42545,                0.80895,             0.00080883,             0.00080883,             0.00080883
                     28,                0.74733,                0.48045,                 0.8231,                0.97058,                0.93219,                0.97168,                0.78706,                 0.6529,                0.41102,                  0.808,             0.00077582,             0.00077582,             0.00077582
                     29,                0.70327,                0.45612,                0.81813,                0.97113,                0.93374,                0.97265,                 0.8027,                0.63791,                0.41337,                0.80478,             0.00074282,             0.00074282,             0.00074282
                     30,                0.70649,                0.46437,                0.81765,                0.98082,                0.93275,                0.97306,                0.79546,                0.63322,                0.40253,                0.80482,             0.00070981,             0.00070981,             0.00070981
                     31,                0.71023,                0.44746,                 0.8156,                0.97421,                0.92544,                0.96914,                0.79717,                0.63796,                0.39837,                0.80477,              0.0006768,              0.0006768,              0.0006768
                     32,                0.71032,                0.44543,                0.81664,                0.97155,                0.93634,                0.97423,                0.80241,                0.61687,                0.39268,                0.80195,              0.0006438,              0.0006438,              0.0006438
                     33,                0.69653,                 0.4388,                0.81751,                0.97339,                0.93625,                0.97181,                0.80478,                0.60751,                0.38881,                0.79957,             0.00061079,             0.00061079,             0.00061079
                     34,                0.69795,                0.43738,                0.81747,                0.97385,                 0.9405,                0.97301,                0.79907,                0.62551,                0.39001,                0.80264,             0.00057778,             0.00057778,             0.00057778
                     35,                0.70407,                0.43333,                0.81831,                0.98004,                0.94003,                0.97527,                0.80145,                0.61372,                0.38961,                  0.802,             0.00054478,             0.00054478,             0.00054478
                     36,                0.68807,                0.42726,                  0.815,                0.97473,                0.93349,                0.97501,                0.80661,                0.60876,                0.37912,                 0.7997,             0.00051177,             0.00051177,             0.00051177
                     37,                0.66963,                 0.4187,                0.81156,                0.97007,                0.93113,                0.97083,                0.80706,                0.59684,                0.37541,                0.79925,             0.00047876,             0.00047876,             0.00047876
                     38,                0.67134,                0.40739,                0.81126,                0.96725,                0.93821,                0.97361,                 0.8028,                0.61574,                0.37969,                0.79972,             0.00044576,             0.00044576,             0.00044576
                     39,                0.67322,                0.42186,                0.81254,                0.98113,                0.95003,                0.97855,                0.82278,                 0.5871,                0.37738,                0.79782,             0.00041275,             0.00041275,             0.00041275
                     40,                0.65045,                0.40555,                0.81071,                0.97833,                0.94745,                0.97688,                0.81805,                0.59082,                0.37551,                0.79864,             0.00037974,             0.00037974,             0.00037974
                     41,                0.64181,                0.39178,                 0.8128,                 0.9799,                 0.9368,                0.97403,                 0.8122,                0.59984,                0.37197,                0.79917,             0.00034674,             0.00034674,             0.00034674
                     42,                0.61109,                0.37795,                0.81072,                0.98145,                0.93682,                0.97389,                0.81248,                0.59315,                0.36865,                0.79834,             0.00031373,             0.00031373,             0.00031373
                     43,                0.63421,                0.39257,                0.80521,                0.98046,                0.94597,                0.97535,                0.81786,                0.59569,                0.37006,                0.79687,             0.00028072,             0.00028072,             0.00028072
                     44,                0.61956,                0.38632,                0.80797,                0.97803,                0.94034,                0.97572,                0.81411,                0.58782,                0.36553,                0.79852,             0.00024772,             0.00024772,             0.00024772
                     45,                0.62473,                0.38524,                0.80802,                0.97353,                0.94681,                0.97513,                0.81902,                0.57926,                0.35904,                0.79614,             0.00021471,             0.00021471,             0.00021471
                     46,                0.61707,                0.37671,                0.80135,                 0.9823,                0.93735,                0.97398,                 0.8256,                0.57046,                0.35352,                0.79516,              0.0001817,              0.0001817,              0.0001817
                     47,                0.60874,                0.37422,                0.81044,                0.97455,                0.94864,                 0.9773,                0.81795,                0.58206,                0.35473,                0.79703,              0.0001487,              0.0001487,              0.0001487
                     48,                0.60148,                0.36804,                0.80877,                0.97988,                0.94656,                0.97798,                0.82384,                0.57107,                0.34692,                0.79639,             0.00011569,             0.00011569,             0.00011569
                     49,                0.59148,                0.36266,                0.80882,                0.97823,                0.94977,                0.97902,                0.82937,                0.56117,                0.34566,                0.79519,             8.2683e-05,             8.2683e-05,             8.2683e-05
